date,station,temperature
2018-01-01,301,8.467828054704107
2018-01-02,301,10.027306913841711
2018-01-03,301,12.478070260825673
2018-01-04,301,11.438698635525613
2018-01-05,301,9.950725571207697
2018-01-06,301,9.314813976109427
2018-01-07,301,8.63698602033993
2018-01-08,301,7.077309112789774
2018-01-09,301,6.048436985535284
2018-01-10,301,5.409142319911166
2018-01-11,301,5.11666250708718
2018-01-12,301,4.587526667567254
2018-01-13,301,4.56041760831157
2018-01-14,301,4.533358340429712
2018-01-15,301,3.912089523319377
2018-01-16,301,3.895178037857403
2018-01-17,301,4.035236047917748
2018-01-18,301,4.182079584052267
2018-01-19,301,4.062469409213066
2018-01-20,301,3.871373126725777
2018-01-21,301,2.712208887679665
2018-01-22,301,2.6676379647368935
2018-01-23,301,2.217687709467621
2018-01-24,301,2.182310434494069
2018-01-25,301,3.368555347621717
2018-01-26,301,4.951001629616582
2018-01-27,301,5.333960221753909
2018-01-28,301,6.668900961979854
2018-01-29,301,7.7149700710820905
2018-01-30,301,4.477427399468912
2018-01-01,201,19.889329589602834
2018-01-02,201,20.1266700983469
2018-01-03,201,21.037282390236637
2018-01-04,201,21.161522573054093
2018-01-05,201,21.53143144592754
2018-01-06,201,21.318632995585947
2018-01-07,201,21.162219799572355
2018-01-08,201,21.03562042255915
2018-01-09,201,19.834892420787025
2018-01-10,201,18.81652014809942
2018-01-11,201,18.87242212569691
2018-01-12,201,18.021852516075903
2018-01-13,201,15.921309133507776
2018-01-14,201,15.837506359380274
2018-01-15,201,15.487518327272975
2018-01-16,201,16.769744596738455
2018-01-17,201,17.468489093339812
2018-01-18,201,17.650057595283222
2018-01-19,201,17.588920935524232
2018-01-20,201,17.483013637055684
2018-01-21,201,17.215317748234575
2018-01-22,201,17.096326298699022
2018-01-23,201,14.680624083115992
2018-01-24,201,13.909310013632341
2018-01-25,201,15.683371580298877
2018-01-26,201,15.187120496234288
2018-01-27,201,15.958498898257947
2018-01-28,201,17.14518656319083
2018-01-29,201,19.03776172351175
2018-01-30,201,19.041278709489053
2018-01-01,302,10.698026800743765
2018-01-02,302,12.486399030914262
2018-01-03,302,14.296064678376835
2018-01-04,302,13.449991381826425
2018-01-05,302,14.019520245642264
2018-01-06,302,11.636153010325343
2018-01-07,302,11.456587839489659
2018-01-08,302,10.828351196040254
2018-01-09,302,7.313749735865507
2018-01-10,302,7.377223386482535
2018-01-11,302,7.326768348114045
2018-01-12,302,6.664731726372187
2018-01-13,302,6.906201373775243
2018-01-14,302,6.81258324589737
2018-01-15,302,6.6265253834755
2018-01-16,302,6.7522374213871394
2018-01-17,302,6.6647053621850265
2018-01-18,302,6.6050036220412585
2018-01-19,302,6.585826245447692
2018-01-20,302,5.14825287010855
2018-01-21,302,4.918754979277288
2018-01-22,302,5.3340000165874
2018-01-23,302,4.843882244621525
2018-01-24,302,4.9743818866020275
2018-01-25,302,5.944333299718241
2018-01-26,302,6.918647321080406
2018-01-27,302,7.344622540922917
2018-01-28,302,8.35962829766281
2018-01-29,302,9.48337193104112
2018-01-30,302,9.358464231471652
2018-01-01,303,9.497935132030282
2018-01-02,303,11.8136558628107
2018-01-03,303,13.527420034627992
2018-01-04,303,12.911397822739762
2018-01-05,303,12.778100404416199
2018-01-06,303,11.823699592700573
2018-01-07,303,11.8339475503004
2018-01-08,303,11.432909454737782
2018-01-09,303,8.425979864988273
2018-01-10,303,5.5196045204139805
2018-01-11,303,6.639496408513136
2018-01-12,303,6.364046983473749
2018-01-13,303,6.814843853111861
2018-01-14,303,6.670217143744192
2018-01-15,303,6.148347582096444
2018-01-16,303,6.8477397124273
2018-01-17,303,6.8775361946453195
2018-01-18,303,6.265878869468022
2018-01-19,303,5.726848520959957
2018-01-20,303,5.4727014985438664
2018-01-21,303,4.646028116376322
2018-01-22,303,4.686893707120464
2018-01-23,303,4.023334176880989
2018-01-24,303,3.871425890282482
2018-01-25,303,5.282874873181736
2018-01-26,303,5.690619191268541
2018-01-27,303,6.243638406931379
2018-01-28,303,7.869562152690707
2018-01-29,303,9.378551080051704
2018-01-30,303,8.902539453422
2018-01-01,401,9.615145455052023
2018-01-02,401,9.209118145278904
2018-01-03,401,10.707335855832715
2018-01-04,401,10.808544033772197
2018-01-05,401,9.44920253129707
2018-01-06,401,7.536889503672276
2018-01-07,401,7.1930652038363565
2018-01-08,401,6.243243179038088
2018-01-09,401,6.123484471849729
2018-01-10,401,6.0932603393218
2018-01-11,401,6.302168232057189
2018-01-12,401,5.989608066062961
2018-01-13,401,6.279677692777672
2018-01-14,401,7.061717671556592
2018-01-15,401,6.938627707552811
2018-01-16,401,7.2921178025784
2018-01-17,401,7.491765632535557
2018-01-18,401,7.663369948310336
2018-01-19,401,6.933180626099338
2018-01-20,401,6.926221768447416
2018-01-21,401,5.617724331010682
2018-01-22,401,5.475682713690913
2018-01-23,401,6.897123124271371
2018-01-24,401,5.963486469332976
2018-01-25,401,7.3578608729435
2018-01-26,401,7.702639629351929
2018-01-27,401,9.207051831333986
2018-01-28,401,9.390125211055453
2018-01-29,401,7.670516041757228
2018-01-30,401,5.698617953982576
2018-01-01,402,9.24157463432102
2018-01-02,402,9.530847749426256
2018-01-03,402,10.607394401625896
2018-01-04,402,10.275966036256742
2018-01-05,402,7.814628398103548
2018-01-06,402,7.512272488094364
2018-01-07,402,7.021081967812777
2018-01-08,402,6.2420543803414095
2018-01-09,402,6.654863424283812
2018-01-10,402,6.512999384300531
2018-01-11,402,6.228636576454225
2018-01-12,402,6.9051443885747945
2018-01-13,402,6.411992500450172
2018-01-14,402,6.270970194728467
2018-01-15,402,6.546217142006462
2018-01-16,402,7.012217137156042
2018-01-17,402,7.062587613847928
2018-01-18,402,6.434832834699428
2018-01-19,402,7.323457608117615
2018-01-20,402,6.567731706116465
2018-01-21,402,5.209453178864065
2018-01-22,402,5.383954074516839
2018-01-23,402,5.933094987907108
2018-01-24,402,6.680865883183066
2018-01-25,402,6.9956712442704605
2018-01-26,402,8.199424786852202
2018-01-27,402,8.439865546098465
2018-01-28,402,8.525319539316893
2018-01-29,402,8.469434251801971
2018-01-30,402,4.407703990896063
2018-01-01,304,8.433408183914214
2018-01-02,304,11.392690522226916
2018-01-03,304,11.837138985624621
2018-01-04,304,12.375114947944155
2018-01-05,304,12.197442049245575
2018-01-06,304,9.997834555339052
2018-01-07,304,10.39992495976007
2018-01-08,304,9.471897912584899
2018-01-09,304,7.543609910095948
2018-01-10,304,8.15909422343108
2018-01-11,304,6.611056518496925
2018-01-12,304,6.512555422780924
2018-01-13,304,6.618322689563412
2018-01-14,304,6.409948759894904
2018-01-15,304,6.712095632251385
2018-01-16,304,6.969701687555599
2018-01-17,304,5.245687522119372
2018-01-18,304,5.2818579731441195
2018-01-19,304,5.109323424893534
2018-01-20,304,5.215934828964609
2018-01-21,304,4.150412379836517
2018-01-22,304,3.636966666535262
2018-01-23,304,2.2598819721931576
2018-01-24,304,2.6869269241025644
2018-01-25,304,4.819218578020909
2018-01-26,304,5.196266440188009
2018-01-27,304,6.6662836181447345
2018-01-28,304,6.645228543802922
2018-01-29,304,8.591601222800175
2018-01-30,304,6.856916435483204
2018-01-01,602,18.17972392807535
2018-01-02,602,18.003656596511142
2018-01-03,602,19.43553249481856
2018-01-04,602,19.06237906369628
2018-01-05,602,20.067787344757445
2018-01-06,602,20.576816562917816
2018-01-07,602,19.75141159315807
2018-01-08,602,19.154890119049252
2018-01-09,602,16.962728565585312
2018-01-10,602,17.004726761461054
2018-01-11,602,18.15447871123826
2018-01-12,602,18.184886237554895
2018-01-13,602,16.400088812135838
2018-01-14,602,15.210671457987464
2018-01-15,602,14.755495104826132
2018-01-16,602,14.903818940552654
2018-01-17,602,15.531631098819158
2018-01-18,602,15.054424736529809
2018-01-19,602,15.189874795810312
2018-01-20,602,15.269295174846265
2018-01-21,602,13.81887677704518
2018-01-22,602,13.420111555781988
2018-01-23,602,13.498390217773494
2018-01-24,602,13.923648277985967
2018-01-25,602,13.031948190544702
2018-01-26,602,14.147027174916126
2018-01-27,602,14.264342948038406
2018-01-28,602,15.297276343776169
2018-01-29,602,15.969034957905151
2018-01-30,602,16.00562500912414
2018-01-01,403,7.565914425030412
2018-01-02,403,7.993886364128048
2018-01-03,403,8.91807446082412
2018-01-04,403,8.579865616595098
2018-01-05,403,8.17879456150595
2018-01-06,403,6.959119227914381
2018-01-07,403,6.8635548335160035
2018-01-08,403,6.004078501700651
2018-01-09,403,5.543898343879302
2018-01-10,403,6.6813596229302705
2018-01-11,403,6.791511812234643
2018-01-12,403,6.076415453159532
2018-01-13,403,6.268359205113816
2018-01-14,403,5.978896100907654
2018-01-15,403,5.814362520078587
2018-01-16,403,6.2580587733078445
2018-01-17,403,6.5759870320312555
2018-01-18,403,6.633494577550369
2018-01-19,403,6.673280739884996
2018-01-20,403,4.7709823518863885
2018-01-21,403,3.5689090272243726
2018-01-22,403,3.523531027601674
2018-01-23,403,5.312179831942652
2018-01-24,403,6.070772551622875
2018-01-25,403,6.032265195635685
2018-01-26,403,6.614328882494855
2018-01-27,403,8.04683710949021
2018-01-28,403,7.338814429168539
2018-01-29,403,6.8332862199064595
2018-01-30,403,4.988365422570863
2018-01-01,305,9.95684018494638
2018-01-02,305,10.19442866731084
2018-01-03,305,11.434243578046761
2018-01-04,305,12.240426871445086
2018-01-05,305,12.280588128255701
2018-01-06,305,10.176855913702461
2018-01-07,305,9.932703102785924
2018-01-08,305,9.355485989382455
2018-01-09,305,7.670168973189787
2018-01-10,305,7.128824061820015
2018-01-11,305,6.07254158132716
2018-01-12,305,6.1327582680091055
2018-01-13,305,6.634356033250386
2018-01-14,305,6.056919765312558
2018-01-15,305,5.975801849483329
2018-01-16,305,5.882656127749064
2018-01-17,305,5.912369181675118
2018-01-18,305,5.920841862289596
2018-01-19,305,6.3910291182611765
2018-01-20,305,5.1922339491191165
2018-01-21,305,4.235445992807114
2018-01-22,305,4.277579341634658
2018-01-23,305,3.7261001650210015
2018-01-24,305,3.3404612369006164
2018-01-25,305,3.9623333483491145
2018-01-26,305,4.741225931385118
2018-01-27,305,5.361115647649767
2018-01-28,305,7.734274657641404
2018-01-29,305,10.144118413153931
2018-01-30,305,7.470210587809879
2018-01-01,306,9.748988463375802
2018-01-02,306,10.663674630986666
2018-01-03,306,12.706440547467622
2018-01-04,306,11.362952383681797
2018-01-05,306,10.61380229100631
2018-01-06,306,9.15334719195063
2018-01-07,306,8.792284200840218
2018-01-08,306,7.994505905172399
2018-01-09,306,7.602009045955004
2018-01-10,306,8.303423838677602
2018-01-11,306,6.435848501581878
2018-01-12,306,4.814033333983113
2018-01-13,306,5.429867515877746
2018-01-14,306,5.708361330279758
2018-01-15,306,6.17217314397547
2018-01-16,306,6.495717293295829
2018-01-17,306,6.898411288747014
2018-01-18,306,6.293711901363776
2018-01-19,306,5.754701256571812
2018-01-20,306,4.140854145323809
2018-01-21,306,3.5027424645567335
2018-01-22,306,3.9295682727588366
2018-01-23,306,3.2173516654781285
2018-01-24,306,3.4068019981507622
2018-01-25,306,4.74930295623118
2018-01-26,306,5.531798104885584
2018-01-27,306,6.931965538380703
2018-01-28,306,5.272577695243305
2018-01-29,306,5.88673860431157
2018-01-30,306,4.574096123780929
2018-01-01,404,8.521262268291645
2018-01-02,404,9.891917259871239
2018-01-03,404,10.012181805145765
2018-01-04,404,10.82481715161357
2018-01-05,404,7.982293788114761
2018-01-06,404,8.154922097934675
2018-01-07,404,7.3838444266486
2018-01-08,404,6.62303219100362
2018-01-09,404,5.8872621719548786
2018-01-10,404,5.459656185795704
2018-01-11,404,5.7997789076824695
2018-01-12,404,6.271574862448508
2018-01-13,404,5.969927704085778
2018-01-14,404,5.78263251986527
2018-01-15,404,5.527644158905965
2018-01-16,404,5.605924180240836
2018-01-17,404,6.276259307062732
2018-01-18,404,6.337985734015487
2018-01-19,404,6.166547415235706
2018-01-20,404,5.166784842842987
2018-01-21,404,3.0789170023465715
2018-01-22,404,3.009575867421875
2018-01-23,404,3.7256966864618737
2018-01-24,404,4.341994775240851
2018-01-25,404,4.9856978361779545
2018-01-26,404,6.1412115728601036
2018-01-27,404,7.15693619919811
2018-01-28,404,8.67101544241956
2018-01-29,404,6.962610486367045
2018-01-30,404,5.231613796647493
2018-01-01,307,9.950242660670419
2018-01-02,307,9.150213141988417
2018-01-03,307,11.232810225971905
2018-01-04,307,11.947665199356443
2018-01-05,307,10.940734283587206
2018-01-06,307,9.215732846164501
2018-01-07,307,8.976018911119876
2018-01-08,307,8.428526095647213
2018-01-09,307,7.619984966365007
2018-01-10,307,8.066106563617952
2018-01-11,307,6.525229937597576
2018-01-12,307,5.475989455109977
2018-01-13,307,5.4345940160959945
2018-01-14,307,5.8665945688165415
2018-01-15,307,5.344278502673999
2018-01-16,307,6.055680272362608
2018-01-17,307,5.989802975076043
2018-01-18,307,5.259600603997665
2018-01-19,307,5.056957727877806
2018-01-20,307,4.66403067032373
2018-01-21,307,3.827119432437733
2018-01-22,307,4.006634810407767
2018-01-23,307,3.932012389401135
2018-01-24,307,4.369407057381892
2018-01-25,307,5.050492474113886
2018-01-26,307,5.99935151852673
2018-01-27,307,6.706737395719089
2018-01-28,307,6.820404849388731
2018-01-29,307,6.328871903623344
2018-01-30,307,5.815855009077085
2018-01-01,801,-4.414526194120361
2018-01-02,801,-4.011858633222729
2018-01-03,801,-5.250709478166698
2018-01-04,801,-4.310827784389655
2018-01-05,801,-5.074119772440616
2018-01-06,801,-5.705737890798201
2018-01-07,801,-7.592348197221464
2018-01-08,801,-9.380764870475899
2018-01-09,801,-9.47470040611038
2018-01-10,801,-9.47622590971418
2018-01-11,801,-9.749595700752009
2018-01-12,801,-9.206053764716886
2018-01-13,801,-9.091295328712915
2018-01-14,801,-7.916930082580339
2018-01-15,801,-6.324513260707709
2018-01-16,801,-6.6851676274882825
2018-01-17,801,-5.781052693160826
2018-01-18,801,-6.0207223836230455
2018-01-19,801,-5.339122684187553
2018-01-20,801,-5.378591139398195
2018-01-21,801,-5.5889215239643875
2018-01-22,801,-6.678976590383028
2018-01-23,801,-6.745348577552595
2018-01-24,801,-6.823503830264311
2018-01-25,801,-6.237483715279814
2018-01-26,801,-6.285395474134681
2018-01-27,801,-5.193106669450984
2018-01-28,801,-5.008896172249101
2018-01-29,801,-4.880274528826071
2018-01-30,801,-4.781974534595562
2018-01-01,802,-2.6234005163974694
2018-01-02,802,-3.0968601219150806
2018-01-03,802,-3.3556603432168277
2018-01-04,802,-2.7353504841270304
2018-01-05,802,-3.5436573858042815
2018-01-06,802,-5.387564824591013
2018-01-07,802,-8.155899990706018
2018-01-08,802,-8.97838737259059
2018-01-09,802,-9.230651905502395
2018-01-10,802,-9.886836396540366
2018-01-11,802,-9.493443118380045
2018-01-12,802,-8.94949279088069
2018-01-13,802,-7.812379861082156
2018-01-14,802,-7.909786652661102
2018-01-15,802,-6.596178308242256
2018-01-16,802,-6.554805069812251
2018-01-17,802,-6.498859000240348
2018-01-18,802,-6.098847812361353
2018-01-19,802,-6.0989207380622785
2018-01-20,802,-6.867203414232751
2018-01-21,802,-7.867074903101951
2018-01-22,802,-7.807697052546485
2018-01-23,802,-7.787465915547016
2018-01-24,802,-7.844486844947229
2018-01-25,802,-7.366577020422656
2018-01-26,802,-7.29446666997798
2018-01-27,802,-5.5955247657690235
2018-01-28,802,-3.6615054614130464
2018-01-29,802,-4.015899929873322
2018-01-30,802,-5.792512036824965
2018-01-01,803,-5.566898179846565
2018-01-02,803,-5.621849031834539
2018-01-03,803,-5.537633922027877
2018-01-04,803,-4.984025121967353
2018-01-05,803,-5.291099616802549
2018-01-06,803,-5.875788247241641
2018-01-07,803,-7.5158363419617125
2018-01-08,803,-8.600798739348075
2018-01-09,803,-9.193052915727442
2018-01-10,803,-8.991959719605166
2018-01-11,803,-8.947429616580596
2018-01-12,803,-8.744663069869624
2018-01-13,803,-8.385294784133377
2018-01-14,803,-7.602490602943312
2018-01-15,803,-6.10317903492658
2018-01-16,803,-7.0076483355047285
2018-01-17,803,-6.180424243068512
2018-01-18,803,-5.948354464602409
2018-01-19,803,-6.20039693555706
2018-01-20,803,-7.508534245843827
2018-01-21,803,-7.559567918322225
2018-01-22,803,-6.948499517428451
2018-01-23,803,-7.37088522220787
2018-01-24,803,-6.586368165998137
2018-01-25,803,-6.65739299134821
2018-01-26,803,-7.131294637258571
2018-01-27,803,-6.2040008265831235
2018-01-28,803,-4.542724147515955
2018-01-29,803,-4.41161438545407
2018-01-30,803,-4.353643987218207
2018-01-01,501,-4.258660522032658
2018-01-02,501,-3.937436795717255
2018-01-03,501,-3.5957513810005577
2018-01-04,501,-4.063057361551477
2018-01-05,501,-5.114303248334827
2018-01-06,501,-5.647165427047073
2018-01-07,501,-5.865620571965638
2018-01-08,501,-7.894125554065002
2018-01-09,501,-8.25778748367024
2018-01-10,501,-7.679827008743035
2018-01-11,501,-7.285243540928456
2018-01-12,501,-8.302888114871347
2018-01-13,501,-8.266143838555157
2018-01-14,501,-7.709878165282256
2018-01-15,501,-7.582928139398908
2018-01-16,501,-7.374278653523249
2018-01-17,501,-7.1026666266219
2018-01-18,501,-6.6322548467283
2018-01-19,501,-5.773627151792443
2018-01-20,501,-7.552929023491807
2018-01-21,501,-8.05758392734322
2018-01-22,501,-7.097412915926045
2018-01-23,501,-7.287668532441188
2018-01-24,501,-7.4869792493264455
2018-01-25,501,-5.513037172762693
2018-01-26,501,-5.900919984399645
2018-01-27,501,-6.278216064606862
2018-01-28,501,-5.826645480399274
2018-01-29,501,-5.759240145528737
2018-01-30,501,-6.498347365938398
2018-01-01,101,10.447651719450219
2018-01-02,101,10.316353318259766
2018-01-03,101,10.281088536277583
2018-01-04,101,10.400050130363251
2018-01-05,101,10.24886225410243
2018-01-06,101,10.586035813065076
2018-01-07,101,11.491737465082343
2018-01-08,101,10.615914842723459
2018-01-09,101,10.261087687686484
2018-01-10,101,10.300607020095109
2018-01-11,101,9.540589719176046
2018-01-12,101,10.627389579547973
2018-01-13,101,9.984727149200745
2018-01-14,101,11.62217783444808
2018-01-15,101,11.632894735352865
2018-01-16,101,11.31383664446855
2018-01-17,101,11.267407115757889
2018-01-18,101,11.503307170363476
2018-01-19,101,12.862799180983137
2018-01-20,101,12.335987957683274
2018-01-21,101,11.694037083505302
2018-01-22,101,12.166452574260147
2018-01-23,101,13.167211131197199
2018-01-24,101,12.806342647326677
2018-01-25,101,11.156323730815306
2018-01-26,101,10.862273971924344
2018-01-27,101,10.312995143618974
2018-01-28,101,12.762369422213183
2018-01-29,101,13.470802125963308
2018-01-30,101,12.088327796622698
2018-01-01,102,7.751914981742715
2018-01-02,102,8.43096197979167
2018-01-03,102,10.128978586953819
2018-01-04,102,10.111486768958976
2018-01-05,102,9.485434089713298
2018-01-06,102,9.416858180571902
2018-01-07,102,8.98578767390289
2018-01-08,102,8.408629047293514
2018-01-09,102,8.454595019716423
2018-01-10,102,7.955140114922812
2018-01-11,102,8.285395757750427
2018-01-12,102,9.99435963763944
2018-01-13,102,10.47528112574713
2018-01-14,102,10.459183564445325
2018-01-15,102,9.387320450545154
2018-01-16,102,9.831766455021091
2018-01-17,102,9.933042499372995
2018-01-18,102,10.079707483923334
2018-01-19,102,10.769888812600252
2018-01-20,102,10.217107989221343
2018-01-21,102,10.310914941585214
2018-01-22,102,10.652926574447928
2018-01-23,102,11.000883233007283
2018-01-24,102,10.140410722691739
2018-01-25,102,8.227673124295382
2018-01-26,102,8.621885116551427
2018-01-27,102,9.247121322487875
2018-01-28,102,10.340559621050076
2018-01-29,102,10.51371103891287
2018-01-30,102,10.078139063734923
2018-01-01,502,0.6640798972338267
2018-01-02,502,0.4464287348280195
2018-01-03,502,-1.0425659173652329
2018-01-04,502,0.05063132774383068
2018-01-05,502,-0.606133641556007
2018-01-06,502,-0.7493441594588506
2018-01-07,502,0.3622031317555918
2018-01-08,502,0.6559017346416172
2018-01-09,502,-1.2304247683637293
2018-01-10,502,-2.0684770778292845
2018-01-11,502,-0.9212306871543612
2018-01-12,502,-0.33987638457518166
2018-01-13,502,-0.27101541758405323
2018-01-14,502,-0.21629525999692367
2018-01-15,502,0.3174927002677474
2018-01-16,502,-0.7640468868057774
2018-01-17,502,1.5943704823739584
2018-01-18,502,0.3683519929149692
2018-01-19,502,-0.27755565364238505
2018-01-20,502,-0.18587082062444765
2018-01-21,502,-0.4813517883279179
2018-01-22,502,0.0964197180433727
2018-01-23,502,0.9664303701620299
2018-01-24,502,2.197815763695117
2018-01-25,502,0.9214883581623009
2018-01-26,502,0.3978771287206256
2018-01-27,502,-0.0803961623884334
2018-01-28,502,-1.8797586363636924
2018-01-29,502,-0.047270819355844554
2018-01-30,502,2.730218832426221
2018-01-01,103,7.5770352206012666
2018-01-02,103,10.442895038983732
2018-01-03,103,11.015667957207647
2018-01-04,103,11.808063675126359
2018-01-05,103,10.48265325651431
2018-01-06,103,10.53720226231433
2018-01-07,103,11.009215912782317
2018-01-08,103,10.380155989694769
2018-01-09,103,9.983292705595224
2018-01-10,103,10.936016221766682
2018-01-11,103,11.12965879555319
2018-01-12,103,10.825372385380483
2018-01-13,103,10.01749679860985
2018-01-14,103,10.575960984884729
2018-01-15,103,10.68489477748713
2018-01-16,103,10.891341139430374
2018-01-17,103,10.681147498389423
2018-01-18,103,10.549309604384602
2018-01-19,103,11.021831986941937
2018-01-20,103,11.238659755324004
2018-01-21,103,11.10085203225559
2018-01-22,103,12.063787824142294
2018-01-23,103,11.872547065265577
2018-01-24,103,11.809753273510163
2018-01-25,103,9.945867178725395
2018-01-26,103,9.513675277992485
2018-01-27,103,9.426605420352152
2018-01-28,103,10.895323149198905
2018-01-29,103,11.529528315688728
2018-01-30,103,10.352444322521965
2018-01-01,104,8.683889220590599
2018-01-02,104,9.544602224325422
2018-01-03,104,10.095632503101028
2018-01-04,104,9.957657932656028
2018-01-05,104,9.91832885152216
2018-01-06,104,10.343456196418574
2018-01-07,104,10.046279523848106
2018-01-08,104,9.758595714414264
2018-01-09,104,8.649048607296203
2018-01-10,104,8.842699286143484
2018-01-11,104,8.445881510214383
2018-01-12,104,9.410253682712947
2018-01-13,104,10.036858009031027
2018-01-14,104,10.476766767978505
2018-01-15,104,10.61402866630857
2018-01-16,104,10.891419798755095
2018-01-17,104,10.570521321059115
2018-01-18,104,10.537634871638677
2018-01-19,104,11.263356664208782
2018-01-20,104,11.139643225118787
2018-01-21,104,11.420014215823867
2018-01-22,104,11.375830635858533
2018-01-23,104,11.024012307296237
2018-01-24,104,8.927939860700741
2018-01-25,104,9.128942146767448
2018-01-26,104,9.071209594277015
2018-01-27,104,9.736085412291933
2018-01-28,104,11.001940512311844
2018-01-29,104,11.292745900975849
2018-01-30,104,11.336588915122656
2018-01-01,105,8.7470191985287
2018-01-02,105,9.284904209354833
2018-01-03,105,9.853969403880521
2018-01-04,105,9.257991192299215
2018-01-05,105,9.270802570149367
2018-01-06,105,9.824818483884366
2018-01-07,105,9.914714398854626
2018-01-08,105,10.17893690211255
2018-01-09,105,9.275850862431222
2018-01-10,105,9.959844131747971
2018-01-11,105,9.901683841837528
2018-01-12,105,10.228425598930245
2018-01-13,105,10.491108941436229
2018-01-14,105,10.12882802430418
2018-01-15,105,10.134854301935478
2018-01-16,105,10.068035917666784
2018-01-17,105,9.673391124684954
2018-01-18,105,9.688754690271871
2018-01-19,105,10.143316269341776
2018-01-20,105,10.831611694650787
2018-01-21,105,11.130411354985625
2018-01-22,105,11.321280248058967
2018-01-23,105,9.731012804839157
2018-01-24,105,7.644156985244753
2018-01-25,105,8.67975078474634
2018-01-26,105,7.921437425764684
2018-01-27,105,8.685569566761194
2018-01-28,105,10.911088356196231
2018-01-29,105,10.707323340979036
2018-01-30,105,10.38466164878576
2018-01-01,106,8.928356880812293
2018-01-02,106,8.397506338263554
2018-01-03,106,10.041989033708353
2018-01-04,106,10.210278181398936
2018-01-05,106,9.448402126783831
2018-01-06,106,8.679448886220841
2018-01-07,106,8.972618425360254
2018-01-08,106,8.758717082897563
2018-01-09,106,8.529784573477391
2018-01-10,106,9.12173800381468
2018-01-11,106,9.275789245092898
2018-01-12,106,9.634844055744212
2018-01-13,106,9.086744968726219
2018-01-14,106,9.195272182571548
2018-01-15,106,8.631036491864029
2018-01-16,106,8.135919295497345
2018-01-17,106,8.424870619560576
2018-01-18,106,8.544401678295449
2018-01-19,106,9.235272886722997
2018-01-20,106,10.087185561435158
2018-01-21,106,9.968838110788864
2018-01-22,106,10.001112841071242
2018-01-23,106,10.634045314692418
2018-01-24,106,10.552294001417412
2018-01-25,106,9.998377098034092
2018-01-26,106,10.256510180291485
2018-01-27,106,10.592332672375852
2018-01-28,106,10.064152037485028
2018-01-29,106,10.837468566348015
2018-01-30,106,9.759041696448728
2018-01-01,503,-6.303741899651615
2018-01-02,503,-5.62364731833265
2018-01-03,503,-5.94790207753168
2018-01-04,503,-5.010570050252735
2018-01-05,503,-5.6621776423926145
2018-01-06,503,-5.20006769393447
2018-01-07,503,-6.202642842273437
2018-01-08,503,-7.666412935970779
2018-01-09,503,-7.049374268235919
2018-01-10,503,-7.845444325025134
2018-01-11,503,-6.967977373488002
2018-01-12,503,-8.583654768139981
2018-01-13,503,-8.410105189263597
2018-01-14,503,-7.853283341348497
2018-01-15,503,-7.3045476492682
2018-01-16,503,-6.422093060409866
2018-01-17,503,-6.008582642278271
2018-01-18,503,-6.508021599272724
2018-01-19,503,-6.414889017322194
2018-01-20,503,-6.7222796466305645
2018-01-21,503,-7.22098958604223
2018-01-22,503,-8.460447011567172
2018-01-23,503,-8.557319756460478
2018-01-24,503,-7.778661560935805
2018-01-25,503,-7.812212227489187
2018-01-26,503,-7.637158393864165
2018-01-27,503,-6.48328556227448
2018-01-28,503,-5.3651845678758034
2018-01-29,503,-4.922111447541117
2018-01-30,503,-7.3149456509854245
2018-01-01,107,9.98264789157348
2018-01-02,107,11.003387534829162
2018-01-03,107,11.349184895027197
2018-01-04,107,12.810415778540532
2018-01-05,107,11.684437176194931
2018-01-06,107,11.479284251292889
2018-01-07,107,11.64622773440608
2018-01-08,107,11.775575644086901
2018-01-09,107,10.876783326675657
2018-01-10,107,10.983778220416024
2018-01-11,107,10.520692248096816
2018-01-12,107,11.109108804859845
2018-01-13,107,10.892014203972973
2018-01-14,107,11.516885339845755
2018-01-15,107,10.974357586186967
2018-01-16,107,12.291396337226097
2018-01-17,107,12.021221032919529
2018-01-18,107,11.252999605710475
2018-01-19,107,12.38189766762952
2018-01-20,107,12.541785623185316
2018-01-21,107,12.425994730573683
2018-01-22,107,12.686566677453563
2018-01-23,107,13.073547749658976
2018-01-24,107,11.892801778375578
2018-01-25,107,11.046509337483512
2018-01-26,107,9.811663894882356
2018-01-27,107,11.05964028693831
2018-01-28,107,13.06420419639929
2018-01-29,107,12.824029111606276
2018-01-30,107,12.77765136680548
2018-01-01,504,5.9026421542915735
2018-01-02,504,5.147357525748971
2018-01-03,504,3.671216608223157
2018-01-04,504,5.676867712313283
2018-01-05,504,4.6507652465150535
2018-01-06,504,5.912310888966111
2018-01-07,504,6.205770001693307
2018-01-08,504,4.512153720834309
2018-01-09,504,4.882220781530857
2018-01-10,504,3.611819888589774
2018-01-11,504,3.723280103746843
2018-01-12,504,3.843035704833636
2018-01-13,504,3.879682147486685
2018-01-14,504,2.2447066816709973
2018-01-15,504,2.861626544700471
2018-01-16,504,3.01862920769897
2018-01-17,504,4.218776363504197
2018-01-18,504,3.996608922644054
2018-01-19,504,3.6080719637145076
2018-01-20,504,2.7959953277899006
2018-01-21,504,2.523891954671706
2018-01-22,504,-0.399660999241276
2018-01-23,504,-0.5245641417741365
2018-01-24,504,-0.558418389864004
2018-01-25,504,-0.31180897529838864
2018-01-26,504,-0.5805389616096885
2018-01-27,504,-0.5989458870693518
2018-01-28,504,1.0264897994916147
2018-01-29,504,0.3524732118935303
2018-01-30,504,1.7591582391033025
2018-01-01,701,8.844129377998847
2018-01-02,701,9.118779670107303
2018-01-03,701,9.431549056951573
2018-01-04,701,12.033798214638546
2018-01-05,701,12.150894358471467
2018-01-06,701,11.239809918674922
2018-01-07,701,9.402128327628262
2018-01-08,701,7.302074327822192
2018-01-09,701,5.8971404825545335
2018-01-10,701,5.317159285187864
2018-01-11,701,4.2064125450267
2018-01-12,701,4.138959530692693
2018-01-13,701,4.495831199384817
2018-01-14,701,3.907681157058931
2018-01-15,701,4.226389088261018
2018-01-16,701,4.1668350231959
2018-01-17,701,4.094117962520373
2018-01-18,701,4.402155387397566
2018-01-19,701,4.4916623988030695
2018-01-20,701,4.679515020437492
2018-01-21,701,4.115390657097171
2018-01-22,701,4.510115251243741
2018-01-23,701,4.113079255359453
2018-01-24,701,3.4129373034915824
2018-01-25,701,4.04808596453227
2018-01-26,701,4.251203754142212
2018-01-27,701,6.112556634331623
2018-01-28,701,6.491049825532845
2018-01-29,701,7.892382350289793
2018-01-30,701,9.667702795864212
2018-01-01,702,9.730196291628443
2018-01-02,702,8.127527046627453
2018-01-03,702,8.98266388098633
2018-01-04,702,12.770430320362822
2018-01-05,702,11.045105409737207
2018-01-06,702,11.265069625083733
2018-01-07,702,8.743819420694141
2018-01-08,702,6.306999778104211
2018-01-09,702,4.730711890140718
2018-01-10,702,3.691251927431678
2018-01-11,702,3.2959988829740916
2018-01-12,702,3.6248533080801377
2018-01-13,702,3.884453872508367
2018-01-14,702,3.3802510691375445
2018-01-15,702,3.2365206082774693
2018-01-16,702,3.8128805438759863
2018-01-17,702,4.462593180419323
2018-01-18,702,4.507180117678028
2018-01-19,702,5.665100685313834
2018-01-20,702,5.0600500157930846
2018-01-21,702,4.9699386568829365
2018-01-22,702,4.795934469584012
2018-01-23,702,3.9786465461864307
2018-01-24,702,4.651346162100667
2018-01-25,702,4.732645717110254
2018-01-26,702,5.96762736602367
2018-01-27,702,6.67198253271646
2018-01-28,702,6.469300404887343
2018-01-29,702,6.684833686354353
2018-01-30,702,6.437910583055333
2018-01-01,703,8.508807590257218
2018-01-02,703,7.107691738802345
2018-01-03,703,8.194029929453686
2018-01-04,703,11.717099906279358
2018-01-05,703,10.792829983314032
2018-01-06,703,7.418111745325622
2018-01-07,703,6.536690272657358
2018-01-08,703,5.035137965142088
2018-01-09,703,3.655793767399845
2018-01-10,703,3.0714893647416677
2018-01-11,703,1.223358750769674
2018-01-12,703,2.126843510841371
2018-01-13,703,2.2297115848849147
2018-01-14,703,2.325231285205422
2018-01-15,703,2.1553958870172916
2018-01-16,703,3.2923384880982987
2018-01-17,703,2.3928989263739058
2018-01-18,703,5.152044722267617
2018-01-19,703,5.361740795943928
2018-01-20,703,2.029547860483896
2018-01-21,703,3.929013000616123
2018-01-22,703,4.1898486397165495
2018-01-23,703,4.032518856647482
2018-01-24,703,3.083984517713521
2018-01-25,703,3.241623304036167
2018-01-26,703,5.252440681285263
2018-01-27,703,5.453159784391863
2018-01-28,703,4.602267700936913
2018-01-29,703,6.6645631540708665
2018-01-30,703,5.296646003884691
2018-01-01,108,15.270004775148193
2018-01-02,108,15.15730841823482
2018-01-03,108,15.246385857479394
2018-01-04,108,15.942699002556658
2018-01-05,108,16.645411643625096
2018-01-06,108,16.6980176041873
2018-01-07,108,15.904902284017016
2018-01-08,108,15.700702619142229
2018-01-09,108,15.02344412947085
2018-01-10,108,14.736151108553885
2018-01-11,108,15.195384517050938
2018-01-12,108,13.439070159613465
2018-01-13,108,13.88504565942301
2018-01-14,108,15.154352954988665
2018-01-15,108,14.185110943645725
2018-01-16,108,15.260636231508263
2018-01-17,108,15.390935735593379
2018-01-18,108,16.529856692807492
2018-01-19,108,17.087627662724
2018-01-20,108,17.63796721573184
2018-01-21,108,17.152310474123627
2018-01-22,108,14.831638304267516
2018-01-23,108,14.928437437811487
2018-01-24,108,14.475333281214567
2018-01-25,108,13.73897609388339
2018-01-26,108,14.356853585309752
2018-01-27,108,14.856970990002067
2018-01-28,108,17.13815364397549
2018-01-29,108,19.517509848601236
2018-01-30,108,21.005367693560597
2018-01-01,704,9.854689209421894
2018-01-02,704,8.634179139835775
2018-01-03,704,8.589090902560352
2018-01-04,704,10.624567564414454
2018-01-05,704,8.785105489350084
2018-01-06,704,10.55912514929387
2018-01-07,704,8.489244237674969
2018-01-08,704,6.967262710392282
2018-01-09,704,6.418164953875493
2018-01-10,704,4.903704569518604
2018-01-11,704,3.7467658448947105
2018-01-12,704,3.1002686044381673
2018-01-13,704,4.146196918661449
2018-01-14,704,4.061853814826056
2018-01-15,704,3.884847032004591
2018-01-16,704,3.9082421632123516
2018-01-17,704,4.391043442990634
2018-01-18,704,4.9820442957064035
2018-01-19,704,4.973297852660043
2018-01-20,704,4.996539228005426
2018-01-21,704,4.16009446399213
2018-01-22,704,5.0032904040514055
2018-01-23,704,6.198974382969972
2018-01-24,704,5.066757709160383
2018-01-25,704,4.371745864591557
2018-01-26,704,5.121070381056976
2018-01-27,704,5.638264965456755
2018-01-28,704,6.369078289397022
2018-01-29,704,8.031480338669152
2018-01-30,704,4.791578729659238
2018-01-01,705,7.817758654506155
2018-01-02,705,7.891243783918707
2018-01-03,705,7.315980845497522
2018-01-04,705,8.115029524129145
2018-01-05,705,6.544361063025215
2018-01-06,705,5.9667611364574284
2018-01-07,705,5.7076748742432635
2018-01-08,705,4.929123255641872
2018-01-09,705,3.9611436575809584
2018-01-10,705,4.019949884951447
2018-01-11,705,4.216649052471238
2018-01-12,705,4.138308281935402
2018-01-13,705,5.118157783004784
2018-01-14,705,5.742448150114169
2018-01-15,705,7.821999498192741
2018-01-16,705,7.58159463300036
2018-01-17,705,9.635069121414945
2018-01-18,705,9.486939479813755
2018-01-19,705,8.687791432052114
2018-01-20,705,7.550511054355459
2018-01-21,705,7.281274820598019
2018-01-22,705,7.712462504148176
2018-01-23,705,8.111539181962213
2018-01-24,705,8.301493299440903
2018-01-25,705,8.377701582013858
2018-01-26,705,5.465391243925115
2018-01-27,705,7.353722083433754
2018-01-28,705,8.345630703614397
2018-01-29,705,6.329300784130085
2018-01-30,705,6.7804596751679345
2018-01-01,706,7.446525244203495
2018-01-02,706,8.99208525167679
2018-01-03,706,10.593195471348274
2018-01-04,706,12.625141530541784
2018-01-05,706,12.400413335538122
2018-01-06,706,11.810282984011625
2018-01-07,706,10.134416689625716
2018-01-08,706,8.424560943131452
2018-01-09,706,6.768452800002065
2018-01-10,706,6.798376703672573
2018-01-11,706,4.432528531195106
2018-01-12,706,4.592998592172741
2018-01-13,706,5.868089984834483
2018-01-14,706,5.733550349961809
2018-01-15,706,5.769537664643297
2018-01-16,706,6.810290876075142
2018-01-17,706,7.476291537214146
2018-01-18,706,8.14962682796721
2018-01-19,706,8.913603377612363
2018-01-20,706,6.8828399347007485
2018-01-21,706,5.692987730614109
2018-01-22,706,5.096908042481742
2018-01-23,706,6.517596796301338
2018-01-24,706,6.814594292643375
2018-01-25,706,6.167884280765427
2018-01-26,706,6.266510500275772
2018-01-27,706,7.504850407833005
2018-01-28,706,9.09561037477236
2018-01-29,706,9.313675661305558
2018-01-30,706,7.573097161912659
2018-01-01,707,8.668368694896873
2018-01-02,707,9.112565750047196
2018-01-03,707,9.995195000224616
2018-01-04,707,12.215513736674458
2018-01-05,707,12.03694622478446
2018-01-06,707,10.636285929602048
2018-01-07,707,9.571083819594614
2018-01-08,707,7.277633417894594
2018-01-09,707,5.988811543558924
2018-01-10,707,4.784853690586079
2018-01-11,707,3.817246136620338
2018-01-12,707,3.600127014552278
2018-01-13,707,3.7098964376106256
2018-01-14,707,3.243533880590238
2018-01-15,707,3.281326779537051
2018-01-16,707,4.7934010582299456
2018-01-17,707,4.842501305897651
2018-01-18,707,6.370216104496869
2018-01-19,707,6.439758087437561
2018-01-20,707,4.259670922353328
2018-01-21,707,4.053941783845513
2018-01-22,707,5.460990893584218
2018-01-23,707,6.206204247777698
2018-01-24,707,5.361223338932378
2018-01-25,707,5.068323051148096
2018-01-26,707,6.166656834467938
2018-01-27,707,6.565147536490162
2018-01-28,707,6.093706617244453
2018-01-29,707,7.348530826424901
2018-01-30,707,6.345113447599247
2018-01-01,405,9.328654190709624
2018-01-02,405,8.033278834313927
2018-01-03,405,9.47201411605339
2018-01-04,405,10.377914543076416
2018-01-05,405,7.9039395563883765
2018-01-06,405,7.696222965996742
2018-01-07,405,7.090321997986794
2018-01-08,405,6.341923718662692
2018-01-09,405,6.536153817600304
2018-01-10,405,5.190650231244703
2018-01-11,405,5.183240465276042
2018-01-12,405,5.120397870602231
2018-01-13,405,5.149382880059651
2018-01-14,405,4.832153975981935
2018-01-15,405,5.267799831565887
2018-01-16,405,5.922975252991124
2018-01-17,405,5.6863944581594215
2018-01-18,405,6.303345303825336
2018-01-19,405,6.431834888360802
2018-01-20,405,4.907311540378116
2018-01-21,405,3.6441838686984376
2018-01-22,405,3.857552104114469
2018-01-23,405,4.7872056518936965
2018-01-24,405,6.334780565713924
2018-01-25,405,6.917393920500986
2018-01-26,405,6.212911171160304
2018-01-27,405,7.002777729706688
2018-01-28,405,7.198759684818368
2018-01-29,405,6.8510003449824515
2018-01-30,405,5.834543159481535
2018-01-01,708,9.970917821270229
2018-01-02,708,8.351033635626766
2018-01-03,708,9.771968892376451
2018-01-04,708,10.605462640573137
2018-01-05,708,11.61421519350746
2018-01-06,708,10.774927177375881
2018-01-07,708,7.796708409958776
2018-01-08,708,6.81275814630841
2018-01-09,708,4.819647400016519
2018-01-10,708,4.4130270397845885
2018-01-11,708,3.913199980864172
2018-01-12,708,3.1212037710261904
2018-01-13,708,3.820160340766014
2018-01-14,708,3.3608734548539894
2018-01-15,708,3.7290005161148514
2018-01-16,708,4.234038499511235
2018-01-17,708,4.706046100113054
2018-01-18,708,4.500290305340445
2018-01-19,708,4.880420920091615
2018-01-20,708,5.255805949376621
2018-01-21,708,3.9418312228932963
2018-01-22,708,3.671518433632729
2018-01-23,708,5.421691377662053
2018-01-24,708,4.867385086371976
2018-01-25,708,4.523650483386832
2018-01-26,708,5.0000240137906395
2018-01-27,708,7.070833131606577
2018-01-28,708,6.3356409999521155
2018-01-29,708,9.360150064892187
2018-01-30,708,7.562702467412457
2018-01-01,109,9.877205137488243
2018-01-02,109,11.37067954212003
2018-01-03,109,11.447194383251517
2018-01-04,109,11.368714936530463
2018-01-05,109,11.90507403769109
2018-01-06,109,12.792771623101121
2018-01-07,109,13.031405669347212
2018-01-08,109,11.683638072567645
2018-01-09,109,11.116345702718034
2018-01-10,109,11.478396049660327
2018-01-11,109,11.982574969173188
2018-01-12,109,10.545797998237408
2018-01-13,109,10.355968679954914
2018-01-14,109,11.185450605332814
2018-01-15,109,11.03286726279694
2018-01-16,109,11.536376445551006
2018-01-17,109,11.373222243686035
2018-01-18,109,11.10432076483656
2018-01-19,109,12.164361510484929
2018-01-20,109,12.407956052092352
2018-01-21,109,11.503686706101785
2018-01-22,109,11.92588046329953
2018-01-23,109,11.59506271510957
2018-01-24,109,11.132646064569757
2018-01-25,109,10.293442111622127
2018-01-26,109,10.53014614338022
2018-01-27,109,10.796133270396883
2018-01-28,109,13.051738172901848
2018-01-29,109,13.501598914287074
2018-01-30,109,12.886283438778314
2018-01-01,804,-4.606217812661132
2018-01-02,804,-4.360750806061379
2018-01-03,804,-4.536334495859062
2018-01-04,804,-3.758004299538876
2018-01-05,804,-4.376770951466959
2018-01-06,804,-5.352952893733693
2018-01-07,804,-6.173780563044119
2018-01-08,804,-8.315015752796079
2018-01-09,804,-8.608417124607975
2018-01-10,804,-8.218524287051954
2018-01-11,804,-7.992816646580838
2018-01-12,804,-8.45161580419565
2018-01-13,804,-7.853292158182398
2018-01-14,804,-7.022328732559381
2018-01-15,804,-5.913801759817601
2018-01-16,804,-6.109840762685336
2018-01-17,804,-6.234842418827438
2018-01-18,804,-6.230932457740865
2018-01-19,804,-6.908411309721441
2018-01-20,804,-7.102464542392947
2018-01-21,804,-7.085953233992143
2018-01-22,804,-8.309697323008553
2018-01-23,804,-7.854046857426337
2018-01-24,804,-7.0787594845288035
2018-01-25,804,-6.342949920008156
2018-01-26,804,-6.874029542134192
2018-01-27,804,-6.34059637062742
2018-01-28,804,-5.435011314978424
2018-01-29,804,-3.955281520642701
2018-01-30,804,-4.247986996822602
2018-01-01,110,8.003638141870804
2018-01-02,110,9.182539745552766
2018-01-03,110,9.7902653071249
2018-01-04,110,11.08432520970221
2018-01-05,110,11.204513920368344
2018-01-06,110,10.177752348458242
2018-01-07,110,8.806996364062522
2018-01-08,110,7.995937218938749
2018-01-09,110,7.487209278314671
2018-01-10,110,7.985010264998981
2018-01-11,110,8.094710364035757
2018-01-12,110,8.573383711971555
2018-01-13,110,9.18421494064135
2018-01-14,110,9.504415436999688
2018-01-15,110,8.903345357153533
2018-01-16,110,9.775690267589976
2018-01-17,110,9.283164915236673
2018-01-18,110,9.110436197758945
2018-01-19,110,9.85172219393562
2018-01-20,110,10.607682704469369
2018-01-21,110,9.854289184820816
2018-01-22,110,10.364239896152819
2018-01-23,110,10.74724025145344
2018-01-24,110,10.454583977390746
2018-01-25,110,10.128070126592533
2018-01-26,110,9.85823534513588
2018-01-27,110,8.627914204917618
2018-01-28,110,10.41310840640492
2018-01-29,110,10.067797577748335
2018-01-30,110,9.894421047686352
2018-01-01,111,8.878349301364521
2018-01-02,111,8.953768618919447
2018-01-03,111,10.190802857316461
2018-01-04,111,10.003006906617072
2018-01-05,111,9.34286459569851
2018-01-06,111,9.163057072649675
2018-01-07,111,9.238851099089155
2018-01-08,111,9.302011187026825
2018-01-09,111,9.131951256648687
2018-01-10,111,9.416956614757344
2018-01-11,111,9.675862191162768
2018-01-12,111,9.368747835863847
2018-01-13,111,9.154925526972757
2018-01-14,111,9.012224857276124
2018-01-15,111,9.336459754652793
2018-01-16,111,9.55222409359171
2018-01-17,111,9.665165805310144
2018-01-18,111,9.589150481451508
2018-01-19,111,9.6551720081455
2018-01-20,111,9.148091304439994
2018-01-21,111,9.545229242369704
2018-01-22,111,9.512357117737361
2018-01-23,111,9.2276695214739
2018-01-24,111,9.047874000322231
2018-01-25,111,7.858257551846804
2018-01-26,111,9.555059136101775
2018-01-27,111,9.936371540034786
2018-01-28,111,10.986950843706651
2018-01-29,111,10.831878667181526
2018-01-30,111,10.316018951821235
2018-01-01,903,-14.457607016374173
2018-01-02,903,-16.27829332984422
2018-01-03,903,-15.753288326645814
2018-01-04,903,-17.240753055888852
2018-01-05,903,-16.816090369379072
2018-01-06,903,-16.55528791731802
2018-01-07,903,-15.731335223798894
2018-01-08,903,-17.338770141528695
2018-01-09,903,-16.71395692646818
2018-01-10,903,-17.861011169504568
2018-01-11,903,-17.36725600130416
2018-01-12,903,-15.972138977763024
2018-01-13,903,-17.152762180853
2018-01-14,903,-18.857920194626928
2018-01-15,903,-17.68514692523511
2018-01-16,903,-18.386711746981067
2018-01-17,903,-18.72119819314145
2018-01-18,903,-19.959308311952693
2018-01-19,903,-20.339538825460252
2018-01-20,903,-20.32367787380675
2018-01-21,903,-19.99974666240094
2018-01-22,903,-19.836165757367375
2018-01-23,903,-20.663381260459737
2018-01-24,903,-20.393566003543338
2018-01-25,903,-20.81051035093427
2018-01-26,903,-17.177798483019867
2018-01-27,903,-16.78223425598302
2018-01-28,903,-16.0153197840245
2018-01-29,903,-18.706664143524097
2018-01-30,903,-20.11011933874996
2018-01-01,904,-12.308371558463746
2018-01-02,904,-13.050405800753376
2018-01-03,904,-15.278454030682465
2018-01-04,904,-15.435923195473945
2018-01-05,904,-15.824942421832546
2018-01-06,904,-17.166628254427717
2018-01-07,904,-16.267433440022728
2018-01-08,904,-17.566879087654122
2018-01-09,904,-16.385767247043596
2018-01-10,904,-18.18367357578594
2018-01-11,904,-18.946358628021542
2018-01-12,904,-18.926612513149983
2018-01-13,904,-18.400329114140565
2018-01-14,904,-18.508059719441178
2018-01-15,904,-17.150588666851913
2018-01-16,904,-17.342508407183157
2018-01-17,904,-17.819621118303303
2018-01-18,904,-17.85813735244879
2018-01-19,904,-18.35302450592925
2018-01-20,904,-19.553144426919243
2018-01-21,904,-18.574819361583135
2018-01-22,904,-18.57347601938338
2018-01-23,904,-19.369863902642848
2018-01-24,904,-18.124505800805903
2018-01-25,904,-17.401443299038103
2018-01-26,904,-16.923448396533143
2018-01-27,904,-15.390150847225968
2018-01-28,904,-16.39227318079082
2018-01-29,904,-18.28163552676171
2018-01-30,904,-19.06676953905098
2018-01-01,905,-11.651130252780014
2018-01-02,905,-15.736350365545327
2018-01-03,905,-16.175027753509273
2018-01-04,905,-16.386995128809108
2018-01-05,905,-17.50753267008676
2018-01-06,905,-17.33206727170736
2018-01-07,905,-18.109689630302096
2018-01-08,905,-18.312916314802905
2018-01-09,905,-18.31387445927986
2018-01-10,905,-19.141987082568832
2018-01-11,905,-19.050152183791546
2018-01-12,905,-17.8326288017703
2018-01-13,905,-17.622729411301933
2018-01-14,905,-16.889416006762644
2018-01-15,905,-17.830298100503505
2018-01-16,905,-18.596118840288717
2018-01-17,905,-18.8435968520538
2018-01-18,905,-17.550694663275593
2018-01-19,905,-17.577443188967333
2018-01-20,905,-19.271243537833524
2018-01-21,905,-20.407114728898637
2018-01-22,905,-20.31269936253276
2018-01-23,905,-20.898283215270567
2018-01-24,905,-19.954848068079265
2018-01-25,905,-19.57695265907213
2018-01-26,905,-16.755456642024885
2018-01-27,905,-14.68713743325852
2018-01-28,905,-14.539487140927436
2018-01-29,905,-18.072390974290457
2018-01-30,905,-18.93453858333358
2018-01-01,906,-14.679049275117608
2018-01-02,906,-16.114821771014597
2018-01-03,906,-16.87981250169903
2018-01-04,906,-16.31799734352467
2018-01-05,906,-16.40080428931295
2018-01-06,906,-17.30834608084166
2018-01-07,906,-15.744113951239395
2018-01-08,906,-17.41855423702549
2018-01-09,906,-17.83197091452445
2018-01-10,906,-18.40127812307396
2018-01-11,906,-17.998153468588914
2018-01-12,906,-18.572160164211947
2018-01-13,906,-16.725468812000013
2018-01-14,906,-18.102416906452024
2018-01-15,906,-18.3153913431117
2018-01-16,906,-18.689491141415203
2018-01-17,906,-19.36623973533937
2018-01-18,906,-18.80205544898624
2018-01-19,906,-18.285779110841204
2018-01-20,906,-19.992816067421906
2018-01-21,906,-19.59046242842689
2018-01-22,906,-19.628109103133397
2018-01-23,906,-20.771543383151705
2018-01-24,906,-20.436597362652307
2018-01-25,906,-20.72800744569419
2018-01-26,906,-17.424757725063422
2018-01-27,906,-14.74032815372339
2018-01-28,906,-18.08660050221156
2018-01-29,906,-19.74484431726637
2018-01-30,906,-21.0180925907689
2018-01-01,907,-11.05400654929012
2018-01-02,907,-11.714859766090242
2018-01-03,907,-12.897828850910182
2018-01-04,907,-14.950451187580153
2018-01-05,907,-14.221781032228435
2018-01-06,907,-14.104745530632743
2018-01-07,907,-14.786872967948463
2018-01-08,907,-16.143422311375662
2018-01-09,907,-16.49829501319402
2018-01-10,907,-17.057711107346883
2018-01-11,907,-15.291339758495077
2018-01-12,907,-16.86255866270233
2018-01-13,907,-16.495354293294472
2018-01-14,907,-15.214889142090199
2018-01-15,907,-15.655311511476098
2018-01-16,907,-16.16683214500706
2018-01-17,907,-16.911227854491752
2018-01-18,907,-16.650837031296213
2018-01-19,907,-16.58945602808635
2018-01-20,907,-17.379813725888937
2018-01-21,907,-16.53826466919986
2018-01-22,907,-16.578280240425347
2018-01-23,907,-17.457136268535294
2018-01-24,907,-17.086626580044005
2018-01-25,907,-15.42949043061488
2018-01-26,907,-15.010900696419386
2018-01-27,907,-14.33879658045101
2018-01-28,907,-12.853415872740639
2018-01-29,907,-17.588825403722282
2018-01-30,907,-18.36260332299307
2018-01-01,908,-19.820587040449226
2018-01-02,908,-14.459463572393652
2018-01-03,908,-12.419157933884339
2018-01-04,908,-12.57170559297491
2018-01-05,908,-13.836453819879933
2018-01-06,908,-14.66269621133264
2018-01-07,908,-15.121891771437419
2018-01-08,908,-14.912655748416086
2018-01-09,908,-15.282567927968982
2018-01-10,908,-18.863396802201017
2018-01-11,908,-17.877749734563523
2018-01-12,908,-17.522397076302212
2018-01-13,908,-17.955552156477943
2018-01-14,908,-16.81943060721848
2018-01-15,908,-16.560405607350113
2018-01-16,908,-18.931823547352355
2018-01-17,908,-19.816654927357668
2018-01-18,908,-18.080979390828066
2018-01-19,908,-18.90545558102019
2018-01-20,908,-18.969564415094638
2018-01-21,908,-18.78618356283282
2018-01-22,908,-19.429004395792496
2018-01-23,908,-20.352648224990165
2018-01-24,908,-18.58657732910227
2018-01-25,908,-14.810839956461264
2018-01-26,908,-13.790969880695977
2018-01-27,908,-12.946830311402117
2018-01-28,908,-13.84117114495691
2018-01-29,908,-15.373670385062644
2018-01-30,908,-18.596895855404668
2018-01-01,909,-16.76352953016543
2018-01-02,909,-11.979360629492726
2018-01-03,909,-11.444940034821009
2018-01-04,909,-12.935179875999113
2018-01-05,909,-13.987687253374443
2018-01-06,909,-14.40586129824578
2018-01-07,909,-14.266167615850701
2018-01-08,909,-16.83158836874247
2018-01-09,909,-17.427907061468037
2018-01-10,909,-18.747574036136417
2018-01-11,909,-18.477749214882962
2018-01-12,909,-18.70019037979267
2018-01-13,909,-18.166787179637858
2018-01-14,909,-18.579598122978886
2018-01-15,909,-17.772357544991397
2018-01-16,909,-19.242525194965783
2018-01-17,909,-18.3901110355758
2018-01-18,909,-18.687891084100027
2018-01-19,909,-18.99080971876294
2018-01-20,909,-19.447285999609772
2018-01-21,909,-19.111138701660874
2018-01-22,909,-19.549224480056395
2018-01-23,909,-20.223041481502808
2018-01-24,909,-18.881250864883803
2018-01-25,909,-17.4187451205259
2018-01-26,909,-17.479319334965542
2018-01-27,909,-15.695252984380637
2018-01-28,909,-16.543663376413623
2018-01-29,909,-16.90472404391364
2018-01-30,909,-18.563575797200965
2018-01-01,911,-10.317593395340955
2018-01-02,911,-12.771556657536479
2018-01-03,911,-13.321824194737273
2018-01-04,911,-14.743370386224697
2018-01-05,911,-14.84839275315819
2018-01-06,911,-16.037587029503232
2018-01-07,911,-14.583842415339948
2018-01-08,911,-15.026281436344693
2018-01-09,911,-14.32184927046501
2018-01-10,911,-18.040445773430807
2018-01-11,911,-16.22005107816195
2018-01-12,911,-19.392833823048754
2018-01-13,911,-18.307042555216324
2018-01-14,911,-18.49162129655145
2018-01-15,911,-18.40486975645496
2018-01-16,911,-18.133259563846245
2018-01-17,911,-18.250309396424864
2018-01-18,911,-17.42470665711594
2018-01-19,911,-19.499288802851332
2018-01-20,911,-19.643209550144856
2018-01-21,911,-18.21066133971285
2018-01-22,911,-17.951211090136916
2018-01-23,911,-19.614854984360722
2018-01-24,911,-18.74497746915374
2018-01-25,911,-17.033508189239374
2018-01-26,911,-15.119396855063696
2018-01-27,911,-13.907300596938581
2018-01-28,911,-13.580398508029786
2018-01-29,911,-15.662178796211684
2018-01-30,911,-17.075731622010284
2018-01-01,1001,15.568145029512113
2018-01-02,1001,17.87985290737173
2018-01-03,1001,20.036178893787994
2018-01-04,1001,20.27792915809761
2018-01-05,1001,20.625777634695716
2018-01-06,1001,19.611862657989786
2018-01-07,1001,20.365103517863812
2018-01-08,1001,17.43797172501705
2018-01-09,1001,17.163808829402743
2018-01-10,1001,15.628364180436218
2018-01-11,1001,12.881240685247631
2018-01-12,1001,12.258496760909487
2018-01-13,1001,11.590900752679214
2018-01-14,1001,11.700217372670576
2018-01-15,1001,10.71823752018239
2018-01-16,1001,12.613351885607324
2018-01-17,1001,12.313803050778914
2018-01-18,1001,12.941789085287116
2018-01-19,1001,13.214136171116019
2018-01-20,1001,14.049439928215936
2018-01-21,1001,13.820639242665793
2018-01-22,1001,13.053554991051723
2018-01-23,1001,12.670504873834702
2018-01-24,1001,11.924159285643254
2018-01-25,1001,12.213207508454644
2018-01-26,1001,14.30560789422669
2018-01-27,1001,14.669229100469266
2018-01-28,1001,15.483376028195151
2018-01-29,1001,16.953016979397354
2018-01-30,1001,17.891046671865638
2018-01-01,1002,17.477199968814745
2018-01-02,1002,18.506336330088505
2018-01-03,1002,19.871544204795967
2018-01-04,1002,20.88511031461451
2018-01-05,1002,20.42811620910769
2018-01-06,1002,20.088710651933905
2018-01-07,1002,19.656877550174272
2018-01-08,1002,17.56162101175422
2018-01-09,1002,16.682677245489547
2018-01-10,1002,16.55197135820093
2018-01-11,1002,16.053078612385864
2018-01-12,1002,13.48997476631398
2018-01-13,1002,13.38103786217734
2018-01-14,1002,12.587612943711362
2018-01-15,1002,12.197363720400034
2018-01-16,1002,13.208878364059494
2018-01-17,1002,13.078787728914216
2018-01-18,1002,13.957962242124887
2018-01-19,1002,14.344289477443512
2018-01-20,1002,15.276715222568464
2018-01-21,1002,13.956812722353762
2018-01-22,1002,14.397223385572623
2018-01-23,1002,11.487572895264561
2018-01-24,1002,11.17731771969264
2018-01-25,1002,14.535693718628194
2018-01-26,1002,14.311943383480696
2018-01-27,1002,15.369570099836647
2018-01-28,1002,16.400980361882105
2018-01-29,1002,17.692792948053782
2018-01-30,1002,17.178054922739605
2018-01-01,1003,17.774719366638923
2018-01-02,1003,18.540204156403192
2018-01-03,1003,20.33944678164119
2018-01-04,1003,20.88535018855003
2018-01-05,1003,20.26528646848639
2018-01-06,1003,20.78552591036503
2018-01-07,1003,20.675000039118675
2018-01-08,1003,18.363853074829844
2018-01-09,1003,15.648337415011362
2018-01-10,1003,15.171256135158526
2018-01-11,1003,13.345624698455005
2018-01-12,1003,13.719496286347693
2018-01-13,1003,13.126893548591687
2018-01-14,1003,12.871722770750939
2018-01-15,1003,11.122899990555563
2018-01-16,1003,11.352664944653968
2018-01-17,1003,12.67612298946187
2018-01-18,1003,12.902809802303869
2018-01-19,1003,13.788894519030865
2018-01-20,1003,13.189105994099151
2018-01-21,1003,12.283784446094252
2018-01-22,1003,12.30785838538688
2018-01-23,1003,11.314158675680442
2018-01-24,1003,12.243820759680483
2018-01-25,1003,11.686297634589662
2018-01-26,1003,12.675686621231806
2018-01-27,1003,14.086312128556495
2018-01-28,1003,14.895002644758405
2018-01-29,1003,15.81784718854698
2018-01-30,1003,14.941628961871263
2018-01-01,1004,16.128377174869637
2018-01-02,1004,17.65770227200682
2018-01-03,1004,19.020504892288784
2018-01-04,1004,18.82891722254985
2018-01-05,1004,17.68856285643178
2018-01-06,1004,18.499515729982033
2018-01-07,1004,18.61568663358805
2018-01-08,1004,16.601715038560457
2018-01-09,1004,14.286431985579274
2018-01-10,1004,14.125747016506866
2018-01-11,1004,12.69063360165591
2018-01-12,1004,11.392636948275072
2018-01-13,1004,12.216234090462102
2018-01-14,1004,12.580221453553325
2018-01-15,1004,12.01330576072416
2018-01-16,1004,11.718001053429637
2018-01-17,1004,11.883198942633577
2018-01-18,1004,12.846050839976
2018-01-19,1004,13.43926857464913
2018-01-20,1004,14.309621613382426
2018-01-21,1004,11.7262171866629
2018-01-22,1004,13.690686785867655
2018-01-23,1004,12.069055265130084
2018-01-24,1004,13.296474048766747
2018-01-25,1004,13.990937673978062
2018-01-26,1004,14.62721586365294
2018-01-27,1004,16.13138399981196
2018-01-28,1004,16.381605874523693
2018-01-29,1004,16.646806276080344
2018-01-30,1004,17.485206892861736
2018-01-01,1005,16.886549949403925
2018-01-02,1005,17.77175173877665
2018-01-03,1005,19.494875846159434
2018-01-04,1005,20.794015802598423
2018-01-05,1005,19.601701046023933
2018-01-06,1005,20.22954003929298
2018-01-07,1005,19.91541510794404
2018-01-08,1005,18.996414392768852
2018-01-09,1005,15.852664510968461
2018-01-10,1005,14.744715741355284
2018-01-11,1005,14.12064100164677
2018-01-12,1005,12.594256374162626
2018-01-13,1005,12.760045511775647
2018-01-14,1005,13.123909938043768
2018-01-15,1005,12.538516655955457
2018-01-16,1005,13.484368229969213
2018-01-17,1005,12.948060770213761
2018-01-18,1005,13.571324538202969
2018-01-19,1005,14.36923535277905
2018-01-20,1005,14.975850390049985
2018-01-21,1005,15.794530728542242
2018-01-22,1005,15.908243314827004
2018-01-23,1005,14.319246146041506
2018-01-24,1005,14.002024273902713
2018-01-25,1005,14.473386643748237
2018-01-26,1005,14.23433435678693
2018-01-27,1005,15.648436309499857
2018-01-28,1005,15.905403602024899
2018-01-29,1005,18.42339718682884
2018-01-30,1005,19.117941072202047
2018-01-01,1006,16.90872381579145
2018-01-02,1006,16.819087279277092
2018-01-03,1006,18.413404194820593
2018-01-04,1006,19.3823901179952
2018-01-05,1006,19.730738508832385
2018-01-06,1006,20.9891735826176
2018-01-07,1006,20.224524705915087
2018-01-08,1006,17.92925987467803
2018-01-09,1006,15.898731825273119
2018-01-10,1006,12.941538538251491
2018-01-11,1006,13.115801586472466
2018-01-12,1006,13.168883296205223
2018-01-13,1006,12.007040515585569
2018-01-14,1006,11.408308945909297
2018-01-15,1006,11.198629339261425
2018-01-16,1006,11.188751562665942
2018-01-17,1006,12.172472115271573
2018-01-18,1006,12.154791383982856
2018-01-19,1006,12.926232468971003
2018-01-20,1006,14.011480668805708
2018-01-21,1006,13.546816326503258
2018-01-22,1006,12.878805886932518
2018-01-23,1006,11.416738899582379
2018-01-24,1006,11.641077271452344
2018-01-25,1006,13.744388952336449
2018-01-26,1006,14.382361795132427
2018-01-27,1006,15.756720440241349
2018-01-28,1006,16.015928875392245
2018-01-29,1006,16.677141765418803
2018-01-30,1006,17.85743709761066
2018-01-01,1007,14.328465398233798
2018-01-02,1007,15.01063425998324
2018-01-03,1007,16.10235994588083
2018-01-04,1007,17.169349686492478
2018-01-05,1007,17.59959637033988
2018-01-06,1007,18.938144461945598
2018-01-07,1007,18.60527242894731
2018-01-08,1007,15.62410162535762
2018-01-09,1007,14.166084353808687
2018-01-10,1007,14.005009994693863
2018-01-11,1007,12.654169523678373
2018-01-12,1007,11.90996267914811
2018-01-13,1007,11.296581268079434
2018-01-14,1007,10.71503635443566
2018-01-15,1007,10.689797026580688
2018-01-16,1007,11.573152005573498
2018-01-17,1007,12.440834723271388
2018-01-18,1007,12.811857278552123
2018-01-19,1007,13.477868483393879
2018-01-20,1007,13.889204165597002
2018-01-21,1007,13.195455852895718
2018-01-22,1007,12.785794926284513
2018-01-23,1007,11.0200691947234
2018-01-24,1007,12.09097033085492
2018-01-25,1007,11.84882591460463
2018-01-26,1007,13.736972457801564
2018-01-27,1007,14.19139285643559
2018-01-28,1007,14.715570784708031
2018-01-29,1007,16.18112629910474
2018-01-30,1007,16.345158389230328
2018-01-01,1008,18.32252392303019
2018-01-02,1008,19.308043346980575
2018-01-03,1008,19.75941364584756
2018-01-04,1008,19.90313838222745
2018-01-05,1008,19.71379180923028
2018-01-06,1008,20.169842639324976
2018-01-07,1008,19.609895764501236
2018-01-08,1008,18.509819755715654
2018-01-09,1008,17.292298840808915
2018-01-10,1008,17.07862893268296
2018-01-11,1008,11.786190435876426
2018-01-12,1008,12.35235831859117
2018-01-13,1008,12.94553702754983
2018-01-14,1008,13.100348816708676
2018-01-15,1008,12.092887392029684
2018-01-16,1008,12.4647678471405
2018-01-17,1008,13.343634986214079
2018-01-18,1008,13.945439758498782
2018-01-19,1008,14.307107561952693
2018-01-20,1008,15.161915798852444
2018-01-21,1008,14.47408129374072
2018-01-22,1008,14.888119307211042
2018-01-23,1008,14.01377088242602
2018-01-24,1008,14.280402752910136
2018-01-25,1008,14.692607532226944
2018-01-26,1008,14.916521418534247
2018-01-27,1008,15.407560887642939
2018-01-28,1008,16.91634486820764
2018-01-29,1008,17.27546297035921
2018-01-30,1008,18.10219178163187
2018-01-01,112,7.083073254955419
2018-01-02,112,7.572097771232935
2018-01-03,112,7.07460146867075
2018-01-04,112,7.666081492211827
2018-01-05,112,8.589724401894149
2018-01-06,112,8.955427979518731
2018-01-07,112,8.615549657055155
2018-01-08,112,8.376739355329375
2018-01-09,112,8.220866564414694
2018-01-10,112,8.692216292212873
2018-01-11,112,9.195732349567752
2018-01-12,112,8.142605251961363
2018-01-13,112,8.073552980862425
2018-01-14,112,8.83565127267928
2018-01-15,112,8.75582681882894
2018-01-16,112,9.120649561547777
2018-01-17,112,9.120649561547777
2018-01-18,112,9.564403196066424
2018-01-19,112,9.64061339930816
2018-01-20,112,8.786585329446075
2018-01-21,112,8.771477982814979
2018-01-22,112,9.215274128725978
2018-01-23,112,8.981735465192058
2018-01-24,112,7.443208395497416
2018-01-25,112,7.127386427189557
2018-01-26,112,7.0450216490757676
2018-01-27,112,7.048554338429746
2018-01-28,112,8.697899414382263
2018-01-29,112,9.662206293150707
2018-01-30,112,9.434129320715856
2018-01-01,601,17.76065147629279
2018-01-02,601,18.36035887148006
2018-01-03,601,18.855535473049255
2018-01-04,601,18.60611322907894
2018-01-05,601,18.99410997499275
2018-01-06,601,19.72983764589707
2018-01-07,601,19.254779290946974
2018-01-08,601,17.991499394605103
2018-01-09,601,16.455666931943092
2018-01-10,601,15.805676461414878
2018-01-11,601,16.730433240616332
2018-01-12,601,15.733570152278185
2018-01-13,601,14.607293666302917
2018-01-14,601,13.865326465531036
2018-01-15,601,13.2655923775307
2018-01-16,601,13.478260778245996
2018-01-17,601,14.554161190022729
2018-01-18,601,13.89015813100935
2018-01-19,601,14.119938237481021
2018-01-20,601,13.687907294182187
2018-01-21,601,12.658412971609751
2018-01-22,601,12.658936693951773
2018-01-23,601,12.022740421566333
2018-01-24,601,11.387426098697071
2018-01-25,601,11.854274858489076
2018-01-26,601,12.22558716428859
2018-01-27,601,12.514338520143962
2018-01-28,601,12.94696276645214
2018-01-29,601,13.993636394055786
2018-01-30,601,14.459338338394932
2018-01-01,912,-7.9016213000088635
2018-01-02,912,-14.50407075945495
2018-01-03,912,-12.284585317391281
2018-01-04,912,-16.744249618295814
2018-01-05,912,-16.35712653136592
2018-01-06,912,-17.43690847646195
2018-01-07,912,-16.847919360145884
2018-01-08,912,-18.403305555565204
2018-01-09,912,-18.693280937371387
2018-01-10,912,-17.915921353118524
2018-01-11,912,-19.578114957101402
2018-01-12,912,-20.79672577551251
2018-01-13,912,-18.76459368074672
2018-01-14,912,-16.862411171307404
2018-01-15,912,-16.89615521562418
2018-01-16,912,-17.539198898035455
2018-01-17,912,-17.427843565255937
2018-01-18,912,-18.45410809340178
2018-01-19,912,-18.87420141311804
2018-01-20,912,-18.82619776203101
2018-01-21,912,-18.4736084586399
2018-01-22,912,-19.00330385949839
2018-01-23,912,-19.989780454226285
2018-01-24,912,-19.893193956418997
2018-01-25,912,-19.8810388787328
2018-01-26,912,-14.203953701300579
2018-01-27,912,-14.594668744461611
2018-01-28,912,-14.547265216600803
2018-01-29,912,-16.235742450734946
2018-01-30,912,-19.81182244786587
2018-01-01,901,-15.087486552113617
2018-01-02,901,-12.50254649443804
2018-01-03,901,-16.723619186705935
2018-01-04,901,-13.75733230136506
2018-01-05,901,-15.25184435535709
2018-01-06,901,-14.244843627062266
2018-01-07,901,-16.15476510188362
2018-01-08,901,-16.83251162611676
2018-01-09,901,-16.347194766944323
2018-01-10,901,-16.21754252493896
2018-01-11,901,-17.245689528663693
2018-01-12,901,-18.197202150388225
2018-01-13,901,-17.008526232548565
2018-01-14,901,-17.535768243471498
2018-01-15,901,-16.93741796836451
2018-01-16,901,-17.406558890245215
2018-01-17,901,-17.732788526133206
2018-01-18,901,-16.628725247604194
2018-01-19,901,-18.784895542015636
2018-01-20,901,-18.76397302774345
2018-01-21,901,-17.742818377797047
2018-01-22,901,-17.58071593945832
2018-01-23,901,-17.46226865922334
2018-01-24,901,-16.5790314964342
2018-01-25,901,-15.795587625687546
2018-01-26,901,-14.6053803051212
2018-01-27,901,-14.912106680893398
2018-01-28,901,-14.786370686022604
2018-01-29,901,-14.033067186773138
2018-01-30,901,-16.727884345371198
2018-01-01,910,-6.56404235978716
2018-01-02,910,-12.382203956544787
2018-01-03,910,-13.05579452745282
2018-01-04,910,-14.179287976690663
2018-01-05,910,-16.149790966838836
2018-01-06,910,-15.419876985250456
2018-01-07,910,-16.14092702505317
2018-01-08,910,-18.064331142331035
2018-01-09,910,-17.90462229796489
2018-01-10,910,-19.425997140922284
2018-01-11,910,-20.25948622398948
2018-01-12,910,-19.83428478818715
2018-01-13,910,-20.951521208819813
2018-01-14,910,-21.30899958434631
2018-01-15,910,-20.032019912395295
2018-01-16,910,-19.485445594978334
2018-01-17,910,-19.954552878572134
2018-01-18,910,-20.973175072400416
2018-01-19,910,-20.71190030306575
2018-01-20,910,-20.862701416775547
2018-01-21,910,-20.379794311504494
2018-01-22,910,-20.264233632100552
2018-01-23,910,-20.96734489010783
2018-01-24,910,-19.349707322955283
2018-01-25,910,-18.252932835865547
2018-01-26,910,-18.66440437338622
2018-01-27,910,-16.384159082340215
2018-01-28,910,-16.48218411998279
2018-01-29,910,-18.005520281963136
2018-01-30,910,-18.536243104565564
2018-01-01,902,-10.495992548090655
2018-01-02,902,-16.21733820519132
2018-01-03,902,-17.60858448497519
2018-01-04,902,-17.79765837257743
2018-01-05,902,-16.263684924509178
2018-01-06,902,-17.83791683898845
2018-01-07,902,-18.531440072167882
2018-01-08,902,-19.183534865841484
2018-01-09,902,-19.10522850418821
2018-01-10,902,-19.762931154826674
2018-01-11,902,-20.628951523062533
2018-01-12,902,-20.169722558938965
2018-01-13,902,-19.220832087271624
2018-01-14,902,-18.92247109061832
2018-01-15,902,-18.6968712136316
2018-01-16,902,-19.183615956833282
2018-01-17,902,-19.403135591684787
2018-01-18,902,-21.033222354327346
2018-01-19,902,-19.06460459868698
2018-01-20,902,-20.2733801259233
2018-01-21,902,-20.2346367869426
2018-01-22,902,-20.702805265209857
2018-01-23,902,-20.710706257666484
2018-01-24,902,-20.73831565066187
2018-01-25,902,-18.755705159082094
2018-01-26,902,-16.814344785241502
2018-01-27,902,-16.225381785020904
2018-01-28,902,-13.815991006734913
2018-01-29,902,-18.61923915754645
2018-01-30,902,-19.377077405116914
2018-01-01,913,-11.093764795999034
2018-01-02,913,-14.645815842447528
2018-01-03,913,-14.808653999855048
2018-01-04,913,-16.499652986283444
2018-01-05,913,-15.004658473491666
2018-01-06,913,-15.871217515165222
2018-01-07,913,-15.779059732396725
2018-01-08,913,-17.228548649698812
2018-01-09,913,-16.815279688705033
2018-01-10,913,-17.92047022846551
2018-01-11,913,-17.73445021946321
2018-01-12,913,-18.798335757366953
2018-01-13,913,-15.699428370052095
2018-01-14,913,-16.74901999908638
2018-01-15,913,-16.75886451441032
2018-01-16,913,-16.75456008070445
2018-01-17,913,-17.81744088645616
2018-01-18,913,-17.670673644226483
2018-01-19,913,-18.790464928440084
2018-01-20,913,-20.238660413124872
2018-01-21,913,-18.325508900026534
2018-01-22,913,-18.690722564631347
2018-01-23,913,-17.766604862497527
2018-01-24,913,-17.167596749796516
2018-01-25,913,-17.174725404454463
2018-01-26,913,-14.161993526568413
2018-01-27,913,-15.148583822968584
2018-01-28,913,-14.468213211324551
2018-01-29,913,-15.501510671652843
2018-01-30,913,-14.800939831583552
2018-01-01,308,10.535325402620265
2018-01-02,308,10.688991963442856
2018-01-03,308,10.919659727828316
2018-01-04,308,12.285906586332917
2018-01-05,308,12.017948033653392
2018-01-06,308,11.215966651200391
2018-01-07,308,10.438766870716567
2018-01-08,308,9.252882021548487
2018-01-09,308,8.4071694238602
2018-01-10,308,5.427030133263518
2018-01-11,308,5.746481981728888
2018-01-12,308,5.063562570963724
2018-01-13,308,6.203894966931776
2018-01-14,308,5.776599186736566
2018-01-15,308,6.517477696923668
2018-01-16,308,5.739328542389301
2018-01-17,308,5.872877978718011
2018-01-18,308,7.386632360418718
2018-01-19,308,6.429814643530578
2018-01-20,308,4.6604099615684795
2018-01-21,308,2.709814567908025
2018-01-22,308,3.17994761457687
2018-01-23,308,3.1677044848358613
2018-01-24,308,4.3353864697917155
2018-01-25,308,5.583054866334704
2018-01-26,308,6.222168001789775
2018-01-27,308,6.297233880853078
2018-01-28,308,6.809131788135021
2018-01-29,308,6.967132023233175
2018-01-30,308,5.51368747564179
2018-01-01,1009,20.762158657268955
2018-01-02,1009,20.413722210413393
2018-01-03,1009,20.921174909843607
2018-01-04,1009,20.769299568107797
2018-01-05,1009,20.986923402252668
2018-01-06,1009,21.265361507629112
2018-01-07,1009,21.520750187611206
2018-01-08,1009,17.773418994482945
2018-01-09,1009,16.739630637497925
2018-01-10,1009,15.763546404381051
2018-01-11,1009,12.61055790677518
2018-01-12,1009,10.044724536305425
2018-01-13,1009,10.526905756178497
2018-01-14,1009,10.604117184917214
2018-01-15,1009,11.058959949046052
2018-01-16,1009,10.956105963242022
2018-01-17,1009,11.096202839625567
2018-01-18,1009,10.75381408466132
2018-01-19,1009,12.32792390723447
2018-01-20,1009,13.128615665193458
2018-01-21,1009,13.627592886906523
2018-01-22,1009,14.388833524888387
2018-01-23,1009,15.373386107332156
2018-01-24,1009,15.34851290032269
2018-01-25,1009,17.073920003612287
2018-01-26,1009,17.630173287583315
2018-01-27,1009,17.606618654684596
2018-01-28,1009,16.937684597100375
2018-01-29,1009,18.9714586537343
2018-01-30,1009,19.159418012870596
